gene,difference
lutR,12.46963317
BCE33L2265,12.44696015
ylaI,12.17666574
ybbK,12.17189525
lrpA,10.86215395
yqzE,10.7981175
sinR,10.68429248
yngA,10.62696427
sodC2,10.5234131
ydfR,8.011336262
yvdM,7.609251158
trxB,7.433360192
bltR,7.392933251
cntA,3.592508742
tagH,3.485276049
vanS,3.476002283
gbuB,3.232659555
soxA,3.192613674
ypgQ,3.166788617
cspLA,12.92251502